best_fitness,avg_fitness
2.0005018309131336E9,1.5888101925912398E8
2.0005018309131336E9,6.530680064197617E8
2.0005018309131336E9,7.47338177537722E8
2.0005018309131336E9,1.0325548378562233E9
2.0005018309131336E9,6.177713371856896E8
2.0005018309131336E9,8.030781382841319E8
